"","nem","ruzHiz","solRad","sicak","etiket"
"1",79.6,0.368421052631579,0.444636678200692,0.0315789473684211,"3"
"2",79.5,0.421052631578948,0.318339100346021,0.0736842105263157,"3"
"3",79.7,0.368421052631579,0.705882352941176,0.0105263157894736,"3"
"4",80,0.368421052631579,0.555363321799308,0.0315789473684211,"3"
"5",79.4,0.421052631578948,0.41522491349481,0.0842105263157896,"3"
"6",80,0.368421052631579,0.531141868512111,0.0526315789473684,"3"
"7",79.5,0.421052631578948,0.524221453287197,0.0631578947368421,"3"
"8",79.8,0.368421052631579,0.816608996539792,0.0105263157894736,"3"
"9",79.6,0.368421052631579,0.586505190311419,0.0526315789473684,"3"
"10",80,0.368421052631579,0.622837370242215,0.0526315789473684,"3"
"11",79.7,0.368421052631579,0.880622837370242,0.0105263157894736,"3"
"12",79.7,0.368421052631579,0.801038062283737,0.0210526315789473,"3"
"13",80.1,0.368421052631579,0.513840830449827,0.0736842105263157,"3"
"14",79.7,0.368421052631579,0.858131487889274,0.0210526315789473,"3"
"15",79.7,0.368421052631579,1,0,"3"
"16",79.2,0.421052631578948,0.185121107266436,0.147368421052631,"3"
"17",79.6,0.368421052631579,0.797577854671281,0.0421052631578948,"3"
"18",80,0.368421052631579,0.652249134948097,0.0631578947368421,"3"
"19",79.5,0.421052631578948,0.579584775086505,0.0842105263157896,"3"
"20",79.1,0.421052631578948,0.333910034602076,0.136842105263158,"3"
"21",79.7,0.368421052631579,0.913494809688581,0.0315789473684211,"3"
"22",79.5,0.421052631578948,0.674740484429066,0.0947368421052632,"3"
"23",79.1,0.421052631578948,0.541522491349481,0.136842105263158,"3"
"24",79,0.421052631578948,0.174740484429066,0.2,"3"
"25",79.7,0.368421052631579,0.603806228373703,0.115789473684211,"3"
"26",79.3,0.421052631578948,0.768166089965398,0.105263157894737,"3"
"27",79.4,0.421052631578948,0.735294117647059,0.105263157894737,"3"
"28",80.1,0.368421052631579,0.764705882352941,0.0947368421052632,"3"
"29",79,0.421052631578948,0.48961937716263,0.157894736842105,"3"
"30",79,0.421052631578948,0.588235294117647,0.136842105263158,"3"
"31",79.6,0.421052631578948,0.41522491349481,0.168421052631579,"3"
"32",79.3,0.421052631578948,0.652249134948097,0.126315789473684,"3"
"33",79.3,0.421052631578948,0.801038062283737,0.105263157894737,"3"
"34",80.1,0.368421052631579,0.775086505190311,0.115789473684211,"3"
"35",79.6,0.421052631578948,0.603806228373703,0.157894736842105,"3"
"36",78.9,0.421052631578948,0.775086505190311,0.126315789473684,"3"
"37",78.9,0.421052631578948,0.833910034602076,0.126315789473684,"3"
"38",79,0.421052631578948,0.664359861591696,0.157894736842105,"3"
"39",79.5,0.421052631578948,0.742214532871972,0.147368421052631,"3"
"40",78.8,0.473684210526316,0.747404844290658,0.147368421052631,"3"
"41",79.2,0.421052631578948,0.750865051903114,0.147368421052631,"3"
"42",80.2,0.368421052631579,0.688581314878893,0.157894736842105,"3"
"43",79.8,0.368421052631579,0.769896193771626,0.136842105263158,"3"
"44",79,0.421052631578948,0.652249134948097,0.178947368421053,"3"
"45",78.9,0.421052631578948,0.929065743944637,0.136842105263158,"3"
"46",79,0.421052631578948,0.932525951557094,0.136842105263158,"3"
"47",78.6,0.473684210526316,0.608996539792388,0.2,"3"
"48",78.8,0.421052631578948,0.913494809688581,0.147368421052631,"3"
"49",80.4,0.315789473684211,0.525951557093426,0.189473684210526,"3"
"50",79.9,0.368421052631579,0.795847750865052,0.157894736842105,"3"
"51",80.2,0.315789473684211,0.647058823529412,0.168421052631579,"3"
"52",78.5,0.473684210526316,0.482698961937716,0.231578947368421,"3"
"53",78.8,0.421052631578948,0.524221453287197,0.221052631578948,"3"
"54",79.1,0.421052631578948,0.859861591695502,0.168421052631579,"3"
"55",78.8,0.421052631578948,0.707612456747405,0.189473684210526,"3"
"56",79.2,0.421052631578948,0.892733564013841,0.157894736842105,"3"
"57",78.8,0.421052631578948,0.910034602076125,0.157894736842105,"3"
"58",79.9,0.368421052631579,0.596885813148789,0.2,"3"
"59",78.7,0.421052631578948,0.768166089965398,0.189473684210526,"3"
"60",79,0.421052631578948,0.854671280276817,0.178947368421053,"3"
"61",80.1,0.368421052631579,0.429065743944637,0.231578947368421,"3"
"62",78.6,0.421052631578948,0.581314878892733,0.231578947368421,"3"
"63",78.6,0.421052631578948,0.673010380622837,0.210526315789474,"3"
"64",78.1,0.473684210526316,0.373702422145329,0.273684210526316,"3"
"65",78.7,0.421052631578948,0.709342560553633,0.210526315789474,"3"
"66",79.1,0.421052631578948,0.795847750865052,0.189473684210526,"3"
"67",79.1,0.421052631578948,0.775086505190311,0.2,"3"
"68",78.6,0.421052631578948,0.608996539792388,0.231578947368421,"3"
"69",78.5,0.473684210526316,0.731833910034602,0.221052631578948,"3"
"70",79.9,0.368421052631579,0.633217993079585,0.221052631578948,"3"
"71",79.7,0.368421052631579,0.842560553633218,0.189473684210526,"3"
"72",80.3,0.315789473684211,0.35121107266436,0.263157894736842,"3"
"73",80.4,0.315789473684211,0.399653979238754,0.252631578947368,"3"
"74",76.4,0.68421052631579,0.420415224913495,0.305263157894737,"3"
"75",78.6,0.421052631578948,0.678200692041523,0.231578947368421,"3"
"76",78.6,0.421052631578948,0.544982698961938,0.252631578947368,"3"
"77",78.5,0.421052631578948,0.579584775086505,0.252631578947368,"3"
"78",78.7,0.421052631578948,0.678200692041523,0.231578947368421,"3"
"79",78.3,0.473684210526316,0.598615916955017,0.252631578947368,"3"
"80",78.6,0.421052631578948,0.602076124567474,0.242105263157895,"3"
"81",79.2,0.421052631578948,0,0.347368421052632,"3"
"82",77.5,0.526315789473684,0.185121107266436,0.336842105263158,"4"
"83",78.5,0.421052631578948,0.605536332179931,0.252631578947368,"4"
"84",77.5,0.578947368421053,0.775086505190311,0.252631578947368,"4"
"85",77.8,0.526315789473684,0.717993079584775,0.252631578947368,"4"
"86",78.4,0.473684210526316,0.743944636678201,0.242105263157895,"4"
"87",78.9,0.421052631578948,0.923875432525952,0.2,"4"
"88",76.7,0.68421052631579,0.541522491349481,0.305263157894737,"4"
"89",77.8,0.526315789473684,0.788927335640139,0.252631578947368,"4"
"90",78.3,0.473684210526316,0.733564013840831,0.252631578947368,"4"
"91",78.4,0.473684210526316,0.730103806228374,0.252631578947368,"4"
"92",78.4,0.473684210526316,0.795847750865052,0.242105263157895,"4"
"93",78.8,0.421052631578948,0.916955017301038,0.210526315789474,"4"
"94",77.2,0.631578947368421,0.705882352941176,0.284210526315789,"4"
"95",77.9,0.526315789473684,0.84083044982699,0.252631578947368,"4"
"96",78.3,0.473684210526316,0.716262975778547,0.263157894736842,"4"
"97",77.6,0.526315789473684,0.839100346020761,0.252631578947368,"4"
"98",78.3,0.473684210526316,0.726643598615917,0.263157894736842,"4"
"99",78.3,0.473684210526316,0.698961937716263,0.263157894736842,"4"
"100",78,0.473684210526316,0.769896193771626,0.252631578947368,"4"
"101",77.9,0.526315789473684,0.846020761245675,0.252631578947368,"4"
"102",78.4,0.473684210526316,0.757785467128028,0.252631578947368,"4"
"103",80,0.368421052631579,0.647058823529412,0.252631578947368,"4"
"104",77.7,0.526315789473684,0.467128027681661,0.315789473684211,"4"
"105",78.1,0.473684210526316,0.494809688581315,0.305263157894737,"4"
"106",78.7,0.421052631578948,0.619377162629758,0.284210526315789,"4"
"107",78.7,0.421052631578948,0.783737024221453,0.252631578947368,"4"
"108",78.8,0.421052631578948,0.832179930795848,0.242105263157895,"4"
"109",77.3,0.578947368421053,0.449826989619377,0.336842105263158,"4"
"110",76.9,0.631578947368421,0.698961937716263,0.305263157894737,"4"
"111",78.7,0.421052631578948,0.690311418685121,0.273684210526316,"4"
"112",78.7,0.421052631578948,0.773356401384083,0.263157894736842,"4"
"113",78.5,0.421052631578948,0.63840830449827,0.284210526315789,"4"
"114",79,0.421052631578948,0.442906574394464,0.315789473684211,"4"
"115",79.3,0.421052631578948,0.576124567474048,0.294736842105263,"4"
"116",77.2,0.631578947368421,0.546712802768166,0.336842105263158,"4"
"117",77.3,0.631578947368421,0.70242214532872,0.315789473684211,"4"
"118",76.9,0.68421052631579,0.290657439446367,0.378947368421053,"4"
"119",78.6,0.421052631578948,0.619377162629758,0.294736842105263,"4"
"120",78.6,0.421052631578948,0.645328719723183,0.294736842105263,"4"
"121",78.5,0.421052631578948,0.686851211072664,0.284210526315789,"4"
"122",78.6,0.421052631578948,0.626297577854671,0.294736842105263,"4"
"123",76.9,0.68421052631579,0.795847750865052,0.315789473684211,"4"
"124",76.8,0.631578947368421,0.880622837370242,0.294736842105263,"4"
"125",78.5,0.421052631578948,0.802768166089965,0.284210526315789,"4"
"126",79,0.421052631578948,0.52076124567474,0.326315789473684,"4"
"127",78.7,0.368421052631579,0.430795847750865,0.347368421052632,"4"
"128",77.9,0.473684210526316,0.633217993079585,0.326315789473684,"4"
"129",76.2,0.736842105263158,0.749134948096886,0.347368421052632,"4"
"130",77.3,0.631578947368421,0.666089965397924,0.347368421052632,"4"
"131",78.1,0.473684210526316,0.451557093425606,0.357894736842105,"4"
"132",79.9,0.368421052631579,0.681660899653979,0.305263157894737,"4"
"133",76.4,0.736842105263158,0.482698961937716,0.4,"4"
"134",75.1,0.789473684210526,0.472318339100346,0.4,"4"
"135",78.9,0.421052631578948,0.71280276816609,0.326315789473684,"4"
"136",76.6,0.68421052631579,0.711072664359862,0.368421052631579,"4"
"137",78.1,0.473684210526316,0.726643598615917,0.336842105263158,"4"
"138",79.1,0.421052631578948,0.811418685121107,0.315789473684211,"4"
"139",78.8,0.473684210526316,0.410034602076125,0.389473684210526,"4"
"140",76.6,0.68421052631579,0.756055363321799,0.368421052631579,"4"
"141",78.7,0.421052631578948,0.752595155709343,0.336842105263158,"4"
"142",78.7,0.421052631578948,0.607266435986159,0.357894736842105,"4"
"143",80.4,0.315789473684211,0.681660899653979,0.326315789473684,"4"
"144",76.3,0.68421052631579,0.6280276816609,0.4,"4"
"145",78.2,0.421052631578948,0.527681660899654,0.378947368421053,"4"
"146",78.7,0.421052631578948,0.737024221453287,0.357894736842105,"4"
"147",78.8,0.421052631578948,0.560553633217993,0.389473684210526,"4"
"148",78.7,0.368421052631579,0.686851211072664,0.357894736842105,"4"
"149",77.7,0.526315789473684,0.704152249134948,0.378947368421053,"4"
"150",80.4,0.315789473684211,0.657439446366782,0.357894736842105,"4"
"151",78.6,0.526315789473684,0.51038062283737,0.410526315789474,"4"
"152",80.7,0.315789473684211,0.671280276816609,0.357894736842105,"4"
"153",76.7,0.68421052631579,0.693771626297578,0.421052631578947,"4"
"154",76.8,0.68421052631579,0.607266435986159,0.431578947368421,"4"
"155",75.3,0.789473684210526,0.842560553633218,0.410526315789474,"4"
"156",77.5,0.578947368421053,0.65916955017301,0.410526315789474,"4"
"157",78.7,0.526315789473684,0.647058823529412,0.4,"4"
"158",78.7,0.526315789473684,0.652249134948097,0.4,"4"
"159",78.7,0.578947368421053,0.55363321799308,0.421052631578947,"4"
"160",78.8,0.473684210526316,0.671280276816609,0.389473684210526,"4"
"161",78.9,0.473684210526316,0.58477508650519,0.410526315789474,"4"
"162",78.7,0.631578947368421,0.565743944636678,0.442105263157895,"4"
"163",78.7,0.526315789473684,0.757785467128028,0.4,"4"
"164",78.7,0.578947368421053,0.662629757785467,0.421052631578947,"4"
"165",78.7,0.578947368421053,0.624567474048443,0.421052631578947,"4"
"166",78.8,0.473684210526316,0.71280276816609,0.4,"4"
"167",78.8,0.473684210526316,0.430795847750865,0.442105263157895,"4"
"168",77,0.631578947368421,0.522491349480969,0.452631578947368,"4"
"169",78.7,0.368421052631579,0.854671280276817,0.368421052631579,"4"
"170",78.8,0.368421052631579,0.557093425605536,0.421052631578947,"4"
"171",78.7,0.631578947368421,0.69204152249135,0.431578947368421,"4"
"172",78.7,0.631578947368421,0.522491349480969,0.452631578947368,"4"
"173",76.6,0.68421052631579,0.726643598615917,0.442105263157895,"4"
"174",78.8,0.421052631578948,0.432525951557093,0.452631578947368,"4"
"175",78.9,0.421052631578948,0.655709342560554,0.421052631578947,"4"
"176",79.1,0.473684210526316,0.569204152249135,0.442105263157895,"4"
"177",79.1,0.473684210526316,0.673010380622837,0.421052631578947,"4"
"178",80.6,0.315789473684211,0.669550173010381,0.4,"4"
"179",78.7,0.578947368421053,0.730103806228374,0.431578947368421,"4"
"180",78.7,0.473684210526316,0.683391003460208,0.421052631578947,"4"
"181",80.5,0.315789473684211,0.614186851211073,0.421052631578947,"4"
"182",78.7,0.631578947368421,0.717993079584775,0.442105263157895,"4"
"183",78.7,0.631578947368421,0.743944636678201,0.442105263157895,"4"
"184",80.7,0.263157894736842,0.470588235294118,0.431578947368421,"4"
"185",78.7,0.473684210526316,0.750865051903114,0.421052631578947,"4"
"186",76.3,0.68421052631579,0.472318339100346,0.494736842105263,"4"
"187",77.8,0.473684210526316,0.423875432525952,0.48421052631579,"4"
"188",78.5,0.526315789473684,0.807958477508651,0.431578947368421,"4"
"189",78.8,0.631578947368421,0.378892733564014,0.505263157894737,"4"
"190",78.7,0.631578947368421,0.577854671280277,0.473684210526316,"4"
"191",78.6,0.473684210526316,0.717993079584775,0.431578947368421,"4"
"192",78.5,0.526315789473684,0.716262975778547,0.442105263157895,"4"
"193",78.6,0.473684210526316,0.626297577854671,0.452631578947368,"4"
"194",73.6,0.842105263157895,0.342560553633218,0.547368421052632,"4"
"195",79.3,0.473684210526316,0.501730103806228,0.473684210526316,"4"
"196",81,0.263157894736842,0.679930795847751,0.421052631578947,"4"
"197",78.7,0.631578947368421,0.662629757785467,0.473684210526316,"4"
"198",82,0.157894736842105,0.669550173010381,0.4,"4"
"199",73.9,0.842105263157895,0.557093425605536,0.526315789473684,"4"
"200",76.4,0.68421052631579,0.679930795847751,0.48421052631579,"4"
"201",79,0.473684210526316,0.501730103806228,0.48421052631579,"4"
"202",78.7,0.631578947368421,0.569204152249135,0.494736842105263,"4"
"203",78.7,0.631578947368421,0.742214532871972,0.473684210526316,"4"
"204",78.5,0.526315789473684,0.711072664359862,0.463157894736842,"4"
"205",78.7,0.631578947368421,0.764705882352941,0.463157894736842,"4"
"206",78.6,0.631578947368421,0.697231833910035,0.473684210526316,"4"
"207",78.7,0.473684210526316,0.394463667820069,0.505263157894737,"4"
"208",79,0.421052631578948,0.799307958477509,0.431578947368421,"4"
"209",76.7,0.68421052631579,0.470588235294118,0.526315789473684,"4"
"210",76,0.736842105263158,0.532871972318339,0.526315789473684,"4"
"211",74.4,0.842105263157895,0.820069204152249,0.494736842105263,"4"
"212",79.9,0.368421052631579,0.698961937716263,0.452631578947368,"4"
"213",78.7,0.631578947368421,0.788927335640139,0.473684210526316,"4"
"214",81.5,0.210526315789474,0.683391003460208,0.431578947368421,"4"
"215",78.8,0.631578947368421,0.399653979238754,0.526315789473684,"4"
"216",78.7,0.473684210526316,0.626297577854671,0.473684210526316,"4"
"217",79.1,0.368421052631579,0.565743944636678,0.48421052631579,"4"
"218",80.1,0.368421052631579,0.69204152249135,0.463157894736842,"4"
"219",78.4,0.526315789473684,0.705882352941176,0.48421052631579,"4"
"220",78.9,0.68421052631579,0.524221453287197,0.526315789473684,"4"
"221",78.5,0.473684210526316,0.837370242214533,0.452631578947368,"4"
"222",78.9,0.473684210526316,0.835640138408305,0.452631578947368,"4"
"223",78.9,0.421052631578948,0.652249134948097,0.473684210526316,"4"
"224",76.9,0.68421052631579,0.475778546712803,0.547368421052632,"4"
"225",78.8,0.368421052631579,0.662629757785467,0.473684210526316,"4"
"226",79.2,0.315789473684211,0.645328719723183,0.473684210526316,"4"
"227",78.9,0.473684210526316,0.688581314878893,0.48421052631579,"4"
"228",78.7,0.631578947368421,0.780276816608997,0.494736842105263,"4"
"229",78.8,0.631578947368421,0.707612456747405,0.505263157894737,"4"
"230",78.4,0.578947368421053,0.600346020761246,0.51578947368421,"4"
"231",82.1,0.157894736842105,0.773356401384083,0.421052631578947,"4"
"232",82.8,0.105263157894737,0.721453287197232,0.421052631578947,"4"
"233",78.4,0.631578947368421,0.506920415224913,0.536842105263158,"4"
"234",78.5,0.473684210526316,0.717993079584775,0.48421052631579,"4"
"235",75.9,0.736842105263158,0.662629757785467,0.536842105263158,"4"
"236",79.1,0.473684210526316,0.778546712802768,0.48421052631579,"4"
"237",78.9,0.473684210526316,0.759515570934256,0.48421052631579,"4"
"238",78.8,0.68421052631579,0.704152249134948,0.51578947368421,"4"
"239",82.8,0.0526315789473685,0.52076124567474,0.452631578947368,"4"
"240",81.3,0.210526315789474,0.636678200692042,0.463157894736842,"4"
"241",78.9,0.421052631578948,0.738754325259516,0.48421052631579,"4"
"242",81.2,0.210526315789474,0.681660899653979,0.452631578947368,"4"
"243",78.8,0.631578947368421,0.697231833910035,0.51578947368421,"4"
"244",78.5,0.631578947368421,0.662629757785467,0.51578947368421,"4"
"245",78.7,0.473684210526316,0.752595155709343,0.48421052631579,"4"
"246",78.6,0.473684210526316,0.759515570934256,0.48421052631579,"4"
"247",81.2,0.263157894736842,0.686851211072664,0.473684210526316,"4"
"248",78.8,0.631578947368421,0.769896193771626,0.51578947368421,"4"
"249",78.3,0.526315789473684,0.762975778546713,0.505263157894737,"4"
"250",78.3,0.578947368421053,0.671280276816609,0.526315789473684,"4"
"251",78.8,0.631578947368421,0.738754325259516,0.51578947368421,"4"
"252",80.1,0.315789473684211,0.581314878892733,0.505263157894737,"4"
"253",78.9,0.631578947368421,0.724913494809689,0.51578947368421,"4"
"254",79,0.68421052631579,0.71280276816609,0.526315789473684,"4"
"255",78.3,0.631578947368421,0.705882352941176,0.526315789473684,"4"
"256",78.3,0.526315789473684,0.662629757785467,0.51578947368421,"4"
"257",78.7,0.473684210526316,0.764705882352941,0.494736842105263,"4"
"258",78.6,0.473684210526316,0.756055363321799,0.494736842105263,"4"
"259",75.2,0.789473684210526,0.71280276816609,0.547368421052632,"4"
"260",78.9,0.368421052631579,0.686851211072664,0.505263157894737,"4"
"261",79,0.473684210526316,0.730103806228374,0.505263157894737,"4"
"262",78.9,0.68421052631579,0.624567474048443,0.547368421052632,"4"
"263",78.8,0.631578947368421,0.757785467128028,0.526315789473684,"4"
"264",79.7,0.736842105263158,0.63840830449827,0.557894736842105,"4"
"265",78.9,0.631578947368421,0.795847750865052,0.51578947368421,"4"
"266",78.3,0.631578947368421,0.681660899653979,0.536842105263158,"4"
"267",79.1,0.68421052631579,0.72318339100346,0.536842105263158,"4"
"268",79.1,0.68421052631579,0.743944636678201,0.536842105263158,"4"
"269",79.2,0.68421052631579,0.717993079584775,0.536842105263158,"4"
"270",80.4,0.736842105263158,0.378892733564014,0.589473684210526,"4"
"271",78.4,0.526315789473684,0.804498269896194,0.505263157894737,"4"
"272",73.2,0.894736842105263,0.671280276816609,0.578947368421053,"4"
"273",79.8,0.368421052631579,0.742214532871972,0.505263157894737,"4"
"274",80.3,0.315789473684211,0.681660899653979,0.505263157894737,"4"
"275",78.2,0.578947368421053,0.698961937716263,0.536842105263158,"4"
"276",79.5,0.368421052631579,0.745674740484429,0.505263157894737,"4"
"277",78.7,0.631578947368421,0.826989619377163,0.526315789473684,"4"
"278",79.2,0.68421052631579,0.704152249134948,0.547368421052632,"4"
"279",78.9,0.68421052631579,0.617647058823529,0.557894736842105,"4"
"280",78.7,0.421052631578948,0.619377162629758,0.526315789473684,"4"
"281",78.7,0.473684210526316,0.72318339100346,0.51578947368421,"4"
"282",76.3,0.736842105263158,0.579584775086505,0.578947368421053,"4"
"283",75.7,0.736842105263158,0.711072664359862,0.568421052631579,"4"
"284",78.8,0.526315789473684,0.676470588235294,0.547368421052632,"4"
"285",80.9,0.315789473684211,0.686851211072664,0.51578947368421,"4"
"286",78.9,0.68421052631579,0.681660899653979,0.557894736842105,"4"
"287",78.1,0.578947368421053,0.714532871972318,0.547368421052632,"4"
"288",78.2,0.526315789473684,0.740484429065744,0.536842105263158,"4"
"289",81.6,0.210526315789474,0.731833910034602,0.48421052631579,"4"
"290",79.1,0.68421052631579,0.780276816608997,0.547368421052632,"4"
"291",79.4,0.68421052631579,0.747404844290658,0.547368421052632,"4"
"292",78.8,0.631578947368421,0.84083044982699,0.536842105263158,"4"
"293",79.3,0.68421052631579,0.721453287197232,0.557894736842105,"4"
"294",79.3,0.68421052631579,0.733564013840831,0.557894736842105,"4"
"295",77.5,0.578947368421053,0.558823529411765,0.568421052631579,"4"
"296",76.6,0.68421052631579,0.515570934256055,0.6,"4"
"297",76.6,0.68421052631579,0.562283737024222,0.589473684210526,"4"
"298",76.8,0.68421052631579,0.434256055363322,0.610526315789474,"4"
"299",79.7,0.368421052631579,0.679930795847751,0.526315789473684,"4"
"300",79.8,0.368421052631579,0.752595155709343,0.51578947368421,"4"
"301",79.8,0.368421052631579,0.681660899653979,0.526315789473684,"4"
"302",78.9,0.68421052631579,0.749134948096886,0.557894736842105,"4"
"303",79.7,0.368421052631579,0.655709342560554,0.536842105263158,"4"
"304",81.9,0.157894736842105,0.679930795847751,0.494736842105263,"4"
"305",79.1,0.421052631578948,0.673010380622837,0.536842105263158,"4"
"306",79.1,0.68421052631579,0.738754325259516,0.557894736842105,"4"
"307",79.1,0.68421052631579,0.743944636678201,0.557894736842105,"4"
"308",78.1,0.631578947368421,0.846020761245675,0.536842105263158,"4"
"309",79.2,0.68421052631579,0.673010380622837,0.568421052631579,"4"
"310",78.3,0.526315789473684,0.717993079584775,0.547368421052632,"4"
"311",77.6,0.578947368421053,0.686851211072664,0.557894736842105,"4"
"312",78.3,0.473684210526316,0.610726643598616,0.557894736842105,"4"
"313",78,0.578947368421053,0.63840830449827,0.568421052631579,"4"
"314",77.9,0.578947368421053,0.685121107266436,0.557894736842105,"4"
"315",78.1,0.421052631578948,0.311418685121107,0.6,"4"
"316",78.6,0.473684210526316,0.816608996539792,0.526315789473684,"4"
"317",73.3,0.894736842105263,0.719723183391004,0.6,"4"
"318",76.6,0.68421052631579,0.69204152249135,0.578947368421053,"4"
"319",79.6,0.315789473684211,0.698961937716263,0.526315789473684,"4"
"320",80.3,0.315789473684211,0.679930795847751,0.536842105263158,"4"
"321",81.2,0.263157894736842,0.679930795847751,0.526315789473684,"4"
"322",83,0.0526315789473685,0.666089965397924,0.48421052631579,"4"
"323",81.3,0.210526315789474,0.475778546712803,0.547368421052632,"4"
"324",79.1,0.68421052631579,0.754325259515571,0.568421052631579,"4"
"325",79.3,0.68421052631579,0.711072664359862,0.578947368421053,"4"
"326",79.6,0.736842105263158,0.657439446366782,0.589473684210526,"4"
"327",78.3,0.473684210526316,0.683391003460208,0.557894736842105,"4"
"328",78,0.631578947368421,0.768166089965398,0.557894736842105,"4"
"329",78.1,0.526315789473684,0.626297577854671,0.568421052631579,"4"
"330",76.2,0.578947368421053,0.555363321799308,0.589473684210526,"4"
"331",77.6,0.631578947368421,0.65916955017301,0.578947368421053,"4"
"332",77.5,0.578947368421053,0.693771626297578,0.568421052631579,"4"
"333",75.8,0.736842105263158,0.551903114186851,0.621052631578947,"4"
"334",75,0.789473684210526,0.695501730103806,0.6,"4"
"335",78.8,0.68421052631579,0.764705882352941,0.578947368421053,"4"
"336",81.8,0.157894736842105,0.636678200692042,0.526315789473684,"4"
"337",79.3,0.68421052631579,0.72318339100346,0.578947368421053,"4"
"338",79.2,0.68421052631579,0.743944636678201,0.578947368421053,"4"
"339",81.1,0.789473684210526,0.572664359861592,0.610526315789474,"4"
"340",80.1,0.736842105263158,0.697231833910035,0.589473684210526,"4"
"341",79.8,0.736842105263158,0.653979238754325,0.6,"4"
"342",77.4,0.578947368421053,0.745674740484429,0.568421052631579,"4"
"343",77.7,0.578947368421053,0.742214532871972,0.568421052631579,"4"
"344",78.4,0.68421052631579,0.690311418685121,0.589473684210526,"4"
"345",77,0.421052631578948,0.581314878892733,0.578947368421053,"4"
"346",77.9,0.526315789473684,0.640138408304498,0.578947368421053,"4"
"347",78.5,0.473684210526316,0.738754325259516,0.557894736842105,"4"
"348",76.1,0.736842105263158,0.570934256055363,0.621052631578947,"4"
"349",79.7,0.368421052631579,0.735294117647059,0.547368421052632,"4"
"350",78.7,0.68421052631579,0.513840830449827,0.621052631578947,"4"
"351",81.4,0.210526315789474,0.700692041522491,0.526315789473684,"4"
"352",82.5,0.105263157894737,0.666089965397924,0.51578947368421,"4"
"353",80.1,0.736842105263158,0.806228373702422,0.589473684210526,"4"
"354",79.8,0.736842105263158,0.754325259515571,0.589473684210526,"4"
"355",79.3,0.68421052631579,0.747404844290658,0.589473684210526,"4"
"356",79.3,0.68421052631579,0.721453287197232,0.589473684210526,"4"
"357",76.8,0.578947368421053,0.721453287197232,0.578947368421053,"4"
"358",79.6,0.68421052631579,0.730103806228374,0.589473684210526,"4"
"359",77.6,0.578947368421053,0.724913494809689,0.578947368421053,"4"
"360",80.1,0.736842105263158,0.757785467128028,0.589473684210526,"4"
"361",79.9,0.421052631578948,0.671280276816609,0.578947368421053,"4"
"362",78.7,0.526315789473684,0.709342560553633,0.589473684210526,"4"
"363",79.8,0.368421052631579,0.666089965397924,0.568421052631579,"4"
"364",78.9,0.68421052631579,0.740484429065744,0.6,"4"
"365",80.3,0.315789473684211,0.726643598615917,0.557894736842105,"4"
"366",79.3,0.68421052631579,0.700692041522491,0.610526315789474,"4"
"367",79.5,0.736842105263158,0.650519031141868,0.621052631578947,"4"
"368",79.9,0.736842105263158,0.71280276816609,0.610526315789474,"4"
"369",80.4,0.736842105263158,0.714532871972318,0.610526315789474,"4"
"370",80.2,0.736842105263158,0.653979238754325,0.621052631578947,"4"
"371",80.9,0.789473684210526,0.733564013840831,0.610526315789474,"4"
"372",76.2,0.526315789473684,0.724913494809689,0.589473684210526,"4"
"373",77.7,0.526315789473684,0.704152249134948,0.589473684210526,"4"
"374",76.9,0.473684210526316,0.717993079584775,0.578947368421053,"4"
"375",77.1,0.526315789473684,0.709342560553633,0.589473684210526,"4"
"376",77.6,0.368421052631579,0.617647058823529,0.578947368421053,"4"
"377",78.5,0.473684210526316,0.792387543252595,0.568421052631579,"4"
"378",78.9,0.421052631578948,0.550173010380623,0.6,"4"
"379",78.9,0.421052631578948,0.629757785467128,0.589473684210526,"4"
"380",77.1,0.631578947368421,0.804498269896194,0.6,"4"
"381",77.1,0.631578947368421,0.759515570934256,0.6,"4"
"382",76.7,0.68421052631579,0.806228373702422,0.6,"4"
"383",76.7,0.68421052631579,0.404844290657439,0.663157894736842,"4"
"384",79.6,0.421052631578948,0.589965397923875,0.6,"4"
"385",80.8,0.315789473684211,0.711072664359862,0.568421052631579,"4"
"386",78.7,0.68421052631579,0.731833910034602,0.610526315789474,"4"
"387",81.6,0.210526315789474,0.726643598615917,0.547368421052632,"4"
"388",79.5,0.736842105263158,0.714532871972318,0.621052631578947,"4"
"389",75.5,0.526315789473684,0.721453287197232,0.6,"4"
"390",77.7,0.526315789473684,0.797577854671281,0.578947368421053,"4"
"391",78.1,0.473684210526316,0.596885813148789,0.610526315789474,"4"
"392",75.5,0.578947368421053,0.624567474048443,0.621052631578947,"4"
"393",77.3,0.421052631578948,0.735294117647059,0.578947368421053,"4"
"394",78.6,0.421052631578948,0.69204152249135,0.589473684210526,"4"
"395",77.8,0.421052631578948,0.743944636678201,0.578947368421053,"4"
"396",77.7,0.368421052631579,0.640138408304498,0.589473684210526,"4"
"397",76.6,0.68421052631579,0.69204152249135,0.631578947368421,"4"
"398",79.7,0.315789473684211,0.612456747404844,0.589473684210526,"4"
"399",80,0.263157894736842,0.690311418685121,0.568421052631579,"4"
"400",79.8,0.368421052631579,0.825259515570934,0.568421052631579,"4"
"401",79.7,0.368421052631579,0.77681660899654,0.568421052631579,"4"
"402",79.9,0.368421052631579,0.673010380622837,0.589473684210526,"4"
"403",82.2,0.157894736842105,0.610726643598616,0.568421052631579,"4"
"404",78.1,0.631578947368421,0.743944636678201,0.610526315789474,"4"
"405",78,0.526315789473684,0.697231833910035,0.610526315789474,"4"
"406",77.8,0.473684210526316,0.508650519031142,0.631578947368421,"4"
"407",77.2,0.631578947368421,0.709342560553633,0.621052631578947,"4"
"408",78.2,0.473684210526316,0.795847750865052,0.589473684210526,"4"
"409",77.7,0.526315789473684,0.693771626297578,0.610526315789474,"4"
"410",77.7,0.473684210526316,0.482698961937716,0.631578947368421,"4"
"411",79,0.68421052631579,0.821799307958478,0.610526315789474,"4"
"412",76.4,0.473684210526316,0.797577854671281,0.589473684210526,"4"
"413",77.7,0.421052631578948,0.78719723183391,0.578947368421053,"4"
"414",78.7,0.421052631578948,0.778546712802768,0.578947368421053,"4"
"415",77.9,0.421052631578948,0.823529411764706,0.578947368421053,"4"
"416",78,0.421052631578948,0.621107266435986,0.610526315789474,"4"
"417",77.2,0.631578947368421,0.818339100346021,0.610526315789474,"4"
"418",76.3,0.736842105263158,0.657439446366782,0.652631578947368,"4"
"419",78.9,0.473684210526316,0.621107266435986,0.621052631578947,"4"
"420",80.2,0.315789473684211,0.676470588235294,0.589473684210526,"4"
"421",79.3,0.368421052631579,0.603806228373703,0.610526315789474,"4"
"422",78.7,0.421052631578948,0.579584775086505,0.621052631578947,"4"
"423",79,0.68421052631579,0.69204152249135,0.631578947368421,"4"
"424",79.8,0.315789473684211,0.430795847750865,0.631578947368421,"4"
"425",83.5,0,0.70242214532872,0.526315789473684,"4"
"426",79.6,0.368421052631579,0.673010380622837,0.6,"4"
"427",83.6,0,0.717993079584775,0.526315789473684,"4"
"428",82.2,0.157894736842105,0.555363321799308,0.589473684210526,"4"
"429",79.8,0.736842105263158,0.707612456747405,0.642105263157895,"4"
"430",80.9,0.789473684210526,0.771626297577855,0.631578947368421,"4"
"431",81.9,0.842105263157895,0.749134948096886,0.642105263157895,"4"
"432",78.4,0.421052631578948,0.671280276816609,0.610526315789474,"4"
"433",78.2,0.421052631578948,0.709342560553633,0.6,"4"
"434",77.9,0.421052631578948,0.778546712802768,0.589473684210526,"4"
"435",78.3,0.421052631578948,0.650519031141868,0.610526315789474,"4"
"436",78.4,0.421052631578948,0.650519031141868,0.610526315789474,"4"
"437",78.6,0.421052631578948,0.697231833910035,0.6,"4"
"438",78.4,0.473684210526316,0.839100346020761,0.589473684210526,"4"
"439",79,0.421052631578948,0.666089965397924,0.610526315789474,"4"
"440",78.5,0.421052631578948,0.64878892733564,0.610526315789474,"4"
"441",75.7,0.789473684210526,0.693771626297578,0.663157894736842,"4"
"442",76.5,0.736842105263158,0.645328719723183,0.663157894736842,"4"
"443",76.8,0.68421052631579,0.673010380622837,0.652631578947368,"4"
"444",77,0.68421052631579,0.826989619377163,0.631578947368421,"4"
"445",74.2,0.842105263157895,0.716262975778547,0.663157894736842,"4"
"446",79.6,0.368421052631579,0.780276816608997,0.589473684210526,"4"
"447",79.9,0.368421052631579,0.636678200692042,0.610526315789474,"4"
"448",79.4,0.368421052631579,0.707612456747405,0.6,"4"
"449",79.1,0.368421052631579,0.536332179930796,0.631578947368421,"4"
"450",79.1,0.368421052631579,0.491349480968858,0.642105263157895,"4"
"451",79.7,0.368421052631579,0.737024221453287,0.6,"4"
"452",79.8,0.368421052631579,0.700692041522491,0.6,"4"
"453",81.8,0.157894736842105,0.641868512110727,0.578947368421053,"4"
"454",77.9,0.473684210526316,0.65916955017301,0.631578947368421,"4"
"455",77.9,0.473684210526316,0.636678200692042,0.631578947368421,"4"
"456",74.6,0.578947368421053,0.614186851211073,0.652631578947368,"4"
"457",77.9,0.473684210526316,0.626297577854671,0.631578947368421,"4"
"458",76.4,0.578947368421053,0.832179930795848,0.610526315789474,"4"
"459",78,0.421052631578948,0.795847750865052,0.6,"4"
"460",78.5,0.421052631578948,0.735294117647059,0.610526315789474,"4"
"461",77.4,0.368421052631579,0.71280276816609,0.6,"4"
"462",77.9,0.368421052631579,0.811418685121107,0.589473684210526,"4"
"463",78.6,0.421052631578948,0.640138408304498,0.621052631578947,"4"
"464",78.7,0.421052631578948,0.673010380622837,0.621052631578947,"4"
"465",77.2,0.368421052631579,0.742214532871972,0.6,"4"
"466",78.3,0.421052631578948,0.697231833910035,0.610526315789474,"4"
"467",78.4,0.421052631578948,0.700692041522491,0.610526315789474,"4"
"468",78,0.421052631578948,0.794117647058824,0.6,"4"
"469",78.6,0.421052631578948,0.705882352941176,0.610526315789474,"4"
"470",76.9,0.68421052631579,0.565743944636678,0.673684210526316,"4"
"471",77,0.68421052631579,0.600346020761246,0.673684210526316,"4"
"472",80.1,0.263157894736842,0.726643598615917,0.589473684210526,"4"
"473",79.4,0.315789473684211,0.681660899653979,0.610526315789474,"4"
"474",80.4,0.368421052631579,0.643598615916955,0.621052631578947,"4"
"475",79.7,0.368421052631579,0.795847750865052,0.6,"4"
"476",79.4,0.368421052631579,0.716262975778547,0.610526315789474,"4"
"477",83.1,0.0526315789473685,0.764705882352941,0.547368421052632,"4"
"478",79.8,0.368421052631579,0.768166089965398,0.6,"4"
"479",79.7,0.368421052631579,0.759515570934256,0.6,"4"
"480",79.4,0.736842105263158,0.743944636678201,0.652631578947368,"4"
"481",81.6,0.789473684210526,0.707612456747405,0.663157894736842,"4"
"482",75.8,0.578947368421053,0.730103806228374,0.642105263157895,"4"
"483",76,0.473684210526316,0.761245674740484,0.621052631578947,"4"
"484",77.9,0.473684210526316,0.773356401384083,0.621052631578947,"4"
"485",78,0.473684210526316,0.716262975778547,0.631578947368421,"4"
"486",76.8,0.578947368421053,0.782006920415225,0.631578947368421,"4"
"487",78.7,0.421052631578948,0.745674740484429,0.610526315789474,"4"
"488",78.7,0.421052631578948,0.681660899653979,0.621052631578947,"4"
"489",78.1,0.421052631578948,0.705882352941176,0.621052631578947,"4"
"490",78.7,0.421052631578948,0.695501730103806,0.621052631578947,"4"
"491",78.3,0.421052631578948,0.768166089965398,0.610526315789474,"4"
"492",78.4,0.421052631578948,0.780276816608997,0.610526315789474,"4"
"493",78.2,0.421052631578948,0.821799307958478,0.6,"4"
"494",78.4,0.421052631578948,0.801038062283737,0.610526315789474,"4"
"495",76.1,0.736842105263158,0.667820069204152,0.673684210526316,"4"
"496",75.1,0.789473684210526,0.709342560553633,0.673684210526316,"4"
"497",79.7,0.368421052631579,0.740484429065744,0.621052631578947,"4"
"498",79.1,0.368421052631579,0.629757785467128,0.631578947368421,"4"
"499",79.7,0.368421052631579,0.719723183391004,0.621052631578947,"4"
"500",78.6,0.421052631578948,0.773356401384083,0.621052631578947,"4"
"501",79.4,0.368421052631579,0.730103806228374,0.621052631578947,"4"
"502",79.8,0.368421052631579,0.70242214532872,0.621052631578947,"4"
"503",78.7,0.368421052631579,0.64878892733564,0.631578947368421,"4"
"504",79.3,0.368421052631579,0.652249134948097,0.631578947368421,"4"
"505",78.8,0.68421052631579,0.737024221453287,0.663157894736842,"4"
"506",82.9,0.0526315789473685,0.683391003460208,0.568421052631579,"4"
"507",79.8,0.315789473684211,0.737024221453287,0.610526315789474,"4"
"508",80,0.315789473684211,0.674740484429066,0.621052631578947,"4"
"509",83.4,0.894736842105263,0.700692041522491,0.684210526315789,"4"
"510",79.6,0.736842105263158,0.673010380622837,0.673684210526316,"4"
"511",81.5,0.789473684210526,0.704152249134948,0.673684210526316,"4"
"512",75.7,0.578947368421053,0.769896193771626,0.642105263157895,"4"
"513",79,0.421052631578948,0.813148788927336,0.610526315789474,"4"
"514",78.2,0.368421052631579,0.747404844290658,0.621052631578947,"4"
"515",77,0.68421052631579,0.63840830449827,0.684210526315789,"4"
"516",73.2,0.894736842105263,0.830449826989619,0.684210526315789,"4"
"517",80.5,0.315789473684211,0.685121107266436,0.631578947368421,"4"
"518",79,0.368421052631579,0.709342560553633,0.631578947368421,"4"
"519",79.3,0.368421052631579,0.626297577854671,0.642105263157895,"4"
"520",79.1,0.368421052631579,0.730103806228374,0.631578947368421,"4"
"521",78.9,0.368421052631579,0.709342560553633,0.631578947368421,"4"
"522",79.8,0.368421052631579,0.63840830449827,0.642105263157895,"4"
"523",79.1,0.368421052631579,0.756055363321799,0.621052631578947,"4"
"524",78.7,0.68421052631579,0.671280276816609,0.673684210526316,"4"
"525",79.4,0.368421052631579,0.721453287197232,0.631578947368421,"4"
"526",79,0.421052631578948,0.77681660899654,0.631578947368421,"4"
"527",78.3,0.368421052631579,0.733564013840831,0.631578947368421,"4"
"528",79.2,0.368421052631579,0.762975778546713,0.621052631578947,"4"
"529",77.1,0.68421052631579,0.709342560553633,0.684210526315789,"4"
"530",76.9,0.68421052631579,0.76643598615917,0.673684210526316,"4"
"531",75.9,0.736842105263158,0.697231833910035,0.694736842105263,"4"
"532",77.1,0.68421052631579,0.750865051903114,0.673684210526316,"4"
"533",78.7,0.526315789473684,0.655709342560554,0.673684210526316,"4"
"534",79.7,0.368421052631579,0.681660899653979,0.642105263157895,"4"
"535",79.5,0.368421052631579,0.695501730103806,0.642105263157895,"4"
"536",79.7,0.368421052631579,0.780276816608997,0.631578947368421,"4"
"537",79.2,0.368421052631579,0.698961937716263,0.642105263157895,"4"
"538",82.4,0.105263157894737,0.674740484429066,0.6,"4"
"539",80.2,0.315789473684211,0.70242214532872,0.631578947368421,"4"
"540",83.4,0.894736842105263,0.735294117647059,0.694736842105263,"4"
"541",82.9,0.842105263157895,0.546712802768166,0.715789473684211,"4"
"542",83.1,0.842105263157895,0.782006920415225,0.684210526315789,"4"
"543",74,0.578947368421053,0.757785467128028,0.663157894736842,"4"
"544",74.1,0.578947368421053,0.771626297577855,0.663157894736842,"4"
"545",77.1,0.68421052631579,0.735294117647059,0.684210526315789,"4"
"546",79.7,0.368421052631579,0.546712802768166,0.673684210526316,"4"
"547",79.7,0.368421052631579,0.496539792387543,0.684210526315789,"4"
"548",79.5,0.368421052631579,0.721453287197232,0.652631578947368,"4"
"549",79.6,0.368421052631579,0.726643598615917,0.652631578947368,"4"
"550",79.9,0.315789473684211,0.768166089965398,0.631578947368421,"4"
"551",79,0.368421052631579,0.792387543252595,0.642105263157895,"4"
"552",79.3,0.368421052631579,0.63840830449827,0.663157894736842,"4"
"553",83.5,0,0.743944636678201,0.578947368421053,"4"
"554",78.7,0.368421052631579,0.693771626297578,0.663157894736842,"4"
"555",79.3,0.368421052631579,0.747404844290658,0.652631578947368,"4"
"556",79.7,0.368421052631579,0.806228373702422,0.642105263157895,"4"
"557",80.1,0.315789473684211,0.711072664359862,0.652631578947368,"4"
"558",83.7,0,0.693771626297578,0.589473684210526,"4"
"559",83.7,0.894736842105263,0.743944636678201,0.715789473684211,"4"
"560",79.3,0.736842105263158,0.724913494809689,0.705263157894737,"4"
"561",79.8,0.736842105263158,0.735294117647059,0.705263157894737,"4"
"562",80.2,0.789473684210526,0.6280276816609,0.726315789473684,"4"
"563",73.1,0.631578947368421,0.685121107266436,0.705263157894737,"4"
"564",77.1,0.368421052631579,0.773356401384083,0.652631578947368,"4"
"565",79.3,0.368421052631579,0.847750865051903,0.652631578947368,"4"
"566",79.7,0.368421052631579,0.685121107266436,0.673684210526316,"4"
"567",78.7,0.68421052631579,0.724913494809689,0.705263157894737,"4"
"568",74.9,0.526315789473684,0.674740484429066,0.705263157894737,"4"
"569",76.7,0.421052631578948,0.802768166089965,0.663157894736842,"4"
"570",78.8,0.368421052631579,0.704152249134948,0.684210526315789,"4"
"571",78,0.315789473684211,0.747404844290658,0.663157894736842,"4"
"572",80.9,0.789473684210526,0.802768166089965,0.715789473684211,"4"
"573",82,0.842105263157895,0.759515570934256,0.726315789473684,"4"
"574",75,0.526315789473684,0.69204152249135,0.705263157894737,"4"
"575",75.1,0.789473684210526,0.788927335640139,0.736842105263158,"4"
"576",80.5,0.315789473684211,0.685121107266436,0.684210526315789,"4"
"577",78.9,0.368421052631579,0.688581314878893,0.694736842105263,"4"
"578",79.7,0.368421052631579,0.683391003460208,0.694736842105263,"4"
"579",79.7,0.368421052631579,0.69204152249135,0.694736842105263,"4"
"580",81.7,0.157894736842105,0.719723183391004,0.652631578947368,"4"
"581",83.1,0.0526315789473685,0.690311418685121,0.631578947368421,"4"
"582",83.6,0.894736842105263,0.71280276816609,0.747368421052632,"4"
"583",78,0.368421052631579,0.71280276816609,0.694736842105263,"4"
"584",77.9,0.263157894736842,0.583044982698962,0.694736842105263,"4"
"585",80.2,0.368421052631579,0.698961937716263,0.705263157894737,"4"
"586",79.4,0.368421052631579,0.757785467128028,0.694736842105263,"4"
"587",79.1,0.368421052631579,0.77681660899654,0.684210526315789,"4"
"588",78.6,0.736842105263158,0.750865051903114,0.736842105263158,"4"
"589",78.7,0.736842105263158,0.674740484429066,0.747368421052632,"4"
"590",80.6,0.263157894736842,0.726643598615917,0.684210526315789,"4"
"591",82.8,0.0526315789473685,0.764705882352941,0.631578947368421,"4"
"592",81.2,0.210526315789474,0.740484429065744,0.663157894736842,"4"
"593",81.1,0.210526315789474,0.664359861591696,0.684210526315789,"4"
"594",83.1,0.894736842105263,0.608996539792388,0.768421052631579,"4"
"595",76.7,0.421052631578948,0.717993079584775,0.705263157894737,"4"
"596",78.8,0.526315789473684,0.655709342560554,0.736842105263158,"5"
"597",80.7,0.315789473684211,0.662629757785467,0.705263157894737,"5"
"598",80.7,0.263157894736842,0.759515570934256,0.684210526315789,"5"
"599",81.1,0.210526315789474,0.704152249134948,0.684210526315789,"5"
"600",83,0.0526315789473685,0.560553633217993,0.684210526315789,"5"
"601",83.1,0.894736842105263,0.795847750865052,0.757894736842105,"5"
"602",77.7,0.263157894736842,0.833910034602076,0.673684210526316,"5"
"603",77.2,0.368421052631579,0.724913494809689,0.705263157894737,"5"
"604",77.9,0.263157894736842,0.756055363321799,0.694736842105263,"5"
"605",78.5,0.368421052631579,0.676470588235294,0.726315789473684,"5"
"606",81.6,0.157894736842105,0.58477508650519,0.705263157894737,"5"
"607",79.8,0.789473684210526,0.640138408304498,0.778947368421052,"5"
"608",81.8,0.842105263157895,0.719723183391004,0.768421052631579,"5"
"609",79.4,0.736842105263158,0.726643598615917,0.757894736842105,"5"
"610",81.4,0.842105263157895,0.788927335640139,0.757894736842105,"5"
"611",80.7,0.315789473684211,0.678200692041523,0.726315789473684,"5"
"612",78,0.263157894736842,0.65916955017301,0.726315789473684,"5"
"613",80.5,0.263157894736842,0.72318339100346,0.705263157894737,"5"
"614",79,0.736842105263158,0.695501730103806,0.778947368421052,"5"
"615",82,0.157894736842105,0.778546712802768,0.684210526315789,"5"
"616",79.6,0.789473684210526,0.704152249134948,0.778947368421052,"5"
"617",81.5,0.842105263157895,0.756055363321799,0.778947368421052,"5"
"618",80.1,0.315789473684211,0.726643598615917,0.726315789473684,"5"
"619",79.6,0.368421052631579,0.716262975778547,0.736842105263158,"5"
"620",79.7,0.368421052631579,0.726643598615917,0.736842105263158,"5"
"621",78.9,0.736842105263158,0.653979238754325,0.789473684210526,"5"
"622",77.9,0.210526315789474,0.698961937716263,0.715789473684211,"5"
"623",79.7,0.368421052631579,0.76643598615917,0.736842105263158,"5"
"624",79.8,0.368421052631579,0.683391003460208,0.747368421052632,"5"
"625",80.3,0.315789473684211,0.707612456747405,0.736842105263158,"5"
"626",82,0.157894736842105,0.529411764705882,0.747368421052632,"5"
"627",82.2,0.842105263157895,0.683391003460208,0.8,"5"
"628",78,0.210526315789474,0.762975778546713,0.715789473684211,"5"
"629",77.9,0.263157894736842,0.728373702422145,0.726315789473684,"5"
"630",78.9,0.473684210526316,0.678200692041523,0.778947368421052,"5"
"631",78.8,0.368421052631579,0.631487889273356,0.768421052631579,"5"
"632",80,0.315789473684211,0.707612456747405,0.747368421052632,"5"
"633",78.5,0.736842105263158,0.711072664359862,0.8,"5"
"634",79.5,0.789473684210526,0.69204152249135,0.810526315789474,"5"
"635",78.6,0.736842105263158,0.731833910034602,0.8,"5"
"636",80.8,0.263157894736842,0.56401384083045,0.768421052631579,"5"
"637",82.3,0.105263157894737,0.738754325259516,0.705263157894737,"5"
"638",81.9,0.842105263157895,0.674740484429066,0.810526315789474,"5"
"639",78,0.210526315789474,0.705882352941176,0.736842105263158,"5"
"640",79.2,0.473684210526316,0.674740484429066,0.789473684210526,"5"
"641",78.9,0.368421052631579,0.749134948096886,0.757894736842105,"5"
"642",79.7,0.368421052631579,0.69204152249135,0.768421052631579,"5"
"643",78,0.210526315789474,0.685121107266436,0.747368421052632,"5"
"644",79.1,0.368421052631579,0.750865051903114,0.757894736842105,"5"
"645",80.1,0.315789473684211,0.764705882352941,0.747368421052632,"5"
"646",81.2,0.210526315789474,0.565743944636678,0.768421052631579,"5"
"647",81.6,0.842105263157895,0.697231833910035,0.821052631578947,"5"
"648",81.7,0.842105263157895,0.707612456747405,0.821052631578947,"5"
"649",79.2,0.473684210526316,0.671280276816609,0.8,"5"
"650",80.3,0.315789473684211,0.693771626297578,0.768421052631579,"5"
"651",80.3,0.315789473684211,0.730103806228374,0.768421052631579,"5"
"652",80.1,0.315789473684211,0.641868512110727,0.778947368421052,"5"
"653",81.5,0.210526315789474,0.621107266435986,0.768421052631579,"5"
"654",82.8,0.0526315789473685,0.771626297577855,0.705263157894737,"5"
"655",80.8,0.263157894736842,0.671280276816609,0.768421052631579,"5"
"656",78.4,0.368421052631579,0.816608996539792,0.768421052631579,"5"
"657",80.2,0.368421052631579,0.673010380622837,0.8,"5"
"658",79.9,0.315789473684211,0.695501730103806,0.789473684210526,"5"
"659",80.4,0.315789473684211,0.693771626297578,0.8,"5"
"660",78.6,0.368421052631579,0.673010380622837,0.810526315789474,"5"
"661",79,0.368421052631579,0.683391003460208,0.810526315789474,"5"
"662",80,0.315789473684211,0.698961937716263,0.8,"5"
"663",79.2,0.368421052631579,0.683391003460208,0.810526315789474,"5"
"664",79.9,0.368421052631579,0.69204152249135,0.810526315789474,"5"
"665",78.2,0.736842105263158,0.645328719723183,0.863157894736842,"5"
"666",80.6,0.789473684210526,0.690311418685121,0.852631578947369,"5"
"667",78.3,0.736842105263158,0.534602076124568,0.884210526315789,"5"
"668",78,0.736842105263158,0.491349480968858,0.894736842105263,"5"
"669",81.7,0.157894736842105,0.775086505190311,0.768421052631579,"5"
"670",79.7,0.789473684210526,0.724913494809689,0.863157894736842,"5"
"671",80.1,0.315789473684211,0.728373702422145,0.810526315789474,"5"
"672",80.1,0.315789473684211,0.719723183391004,0.810526315789474,"5"
"673",79.2,0.789473684210526,0.742214532871972,0.873684210526316,"5"
"674",82.3,0.105263157894737,0.769896193771626,0.768421052631579,"5"
"675",79.1,0.421052631578948,0.683391003460208,0.842105263157895,"5"
"676",78.3,0.736842105263158,0.686851211072664,0.884210526315789,"5"
"677",79.1,0.789473684210526,0.735294117647059,0.884210526315789,"5"
"678",78.7,0.368421052631579,0.664359861591696,0.852631578947369,"5"
"679",79.5,0.789473684210526,0.771626297577855,0.884210526315789,"5"
"680",78.1,0.736842105263158,0.801038062283737,0.873684210526316,"5"
"681",79.2,0.421052631578948,0.69204152249135,0.863157894736842,"5"
"682",79.1,0.368421052631579,0.674740484429066,0.863157894736842,"5"
"683",79.4,0.368421052631579,0.671280276816609,0.863157894736842,"5"
"684",78.2,0.736842105263158,0.679930795847751,0.905263157894737,"5"
"685",78.3,0.736842105263158,0.629757785467128,0.905263157894737,"5"
"686",78.4,0.736842105263158,0.716262975778547,0.894736842105263,"5"
"687",79,0.368421052631579,0.688581314878893,0.863157894736842,"5"
"688",77.8,0.736842105263158,0.621107266435986,0.91578947368421,"5"
"689",78.4,0.736842105263158,0.726643598615917,0.905263157894737,"5"
"690",78.4,0.736842105263158,0.731833910034602,0.905263157894737,"5"
"691",79.3,0.842105263157895,0.679930795847751,0.926315789473684,"5"
"692",78.5,0.736842105263158,0.728373702422145,0.91578947368421,"5"
"693",78.3,0.736842105263158,0.640138408304498,0.926315789473684,"5"
"694",78.2,0.736842105263158,0.716262975778547,0.91578947368421,"5"
"695",78.9,0.789473684210526,0.697231833910035,0.936842105263158,"5"
"696",78.2,0.736842105263158,0.64878892733564,0.936842105263158,"5"
"697",78.2,0.736842105263158,0.785467128027682,0.91578947368421,"5"
"698",79,0.842105263157895,0.714532871972318,0.957894736842105,"5"
"699",77.6,0.736842105263158,0.773356401384083,0.936842105263158,"5"
"700",80.6,1,0.728373702422145,0.968421052631579,"5"
"701",78.6,0.736842105263158,0.769896193771626,0.936842105263158,"5"
"702",78.4,0.736842105263158,0.717993079584775,0.947368421052632,"5"
"703",78.1,0.736842105263158,0.617647058823529,0.957894736842105,"5"
"704",78.4,0.736842105263158,0.683391003460208,0.947368421052632,"5"
"705",80.7,1,0.716262975778547,0.978947368421053,"5"
"706",80.3,0.947368421052632,0.69204152249135,0.978947368421053,"5"
"707",80.3,0.947368421052632,0.679930795847751,0.978947368421053,"5"
"708",80.5,1,0.72318339100346,0.978947368421053,"5"
"709",80.8,1,0.612456747404844,0.989473684210526,"5"
"710",80.6,1,0.700692041522491,0.978947368421053,"5"
"711",80.8,1,0.629757785467128,0.989473684210526,"5"
"712",80.5,1,0.690311418685121,0.978947368421053,"5"
"713",80.5,1,0.783737024221453,0.968421052631579,"5"
"714",77.8,0.736842105263158,0.711072664359862,0.957894736842105,"5"
"715",78.4,0.789473684210526,0.634948096885813,0.968421052631579,"5"
"716",78.6,0.789473684210526,0.676470588235294,0.968421052631579,"5"
"717",78.1,0.736842105263158,0.673010380622837,0.957894736842105,"5"
"718",78.6,0.789473684210526,0.6280276816609,0.968421052631579,"5"
"719",78.5,0.789473684210526,0.724913494809689,0.957894736842105,"5"
"720",78.2,0.736842105263158,0.754325259515571,0.947368421052632,"5"
"721",80.3,0.947368421052632,0.653979238754325,0.989473684210526,"5"
"722",80.7,1,0.657439446366782,0.989473684210526,"5"
"723",80.5,1,0.636678200692042,1,"5"
"724",80.3,0.947368421052632,0.685121107266436,0.989473684210526,"5"
"725",80.2,0.947368421052632,0.678200692041523,0.989473684210526,"5"
"726",79.9,0.947368421052632,0.752595155709343,0.978947368421053,"5"
"727",80.8,1,0.64878892733564,0.989473684210526,"5"
"728",80.2,0.947368421052632,0.679930795847751,0.989473684210526,"5"
"729",78.5,0.789473684210526,0.70242214532872,0.968421052631579,"5"
"730",78.1,0.736842105263158,0.674740484429066,0.968421052631579,"5"
"731",78.7,0.789473684210526,0.650519031141868,0.978947368421053,"5"
"732",78.5,0.736842105263158,0.778546712802768,0.957894736842105,"5"
"733",80.5,1,0.674740484429066,1,"5"
"734",80.8,1,0.676470588235294,1,"5"
"735",79.8,0.894736842105263,0.622837370242215,1,"5"
"736",80.7,1,0.671280276816609,1,"5"
"737",79.6,0.842105263157895,0.652249134948097,0.989473684210526,"5"
"738",80.8,1,0.709342560553633,1,"5"
"739",80.6,1,0.700692041522491,1,"5"
"740",80.1,0.894736842105263,0.768166089965398,0.978947368421053,"5"
"741",80.5,1,0.686851211072664,1,"5"
"742",80.7,1,0.662629757785467,1,"5"
"743",80.4,1,0.697231833910035,1,"5"
"744",78.6,0.789473684210526,0.70242214532872,0.978947368421053,"5"
"745",78.1,0.789473684210526,0.756055363321799,0.968421052631579,"5"
"746",78.6,0.789473684210526,0.695501730103806,0.978947368421053,"5"
"747",78.6,0.789473684210526,0.655709342560554,0.989473684210526,"5"
"748",78.5,0.789473684210526,0.704152249134948,0.978947368421053,"5"
"749",80.6,1,0.728373702422145,1,"5"
"750",79.9,0.894736842105263,0.676470588235294,1,"5"
"751",80,0.947368421052632,0.695501730103806,1,"5"
"752",79.8,0.894736842105263,0.666089965397924,1,"5"
"753",79.9,0.894736842105263,0.678200692041523,1,"5"
"754",80.7,1,0.721453287197232,1,"5"
"755",80.2,0.947368421052632,0.685121107266436,1,"5"
"756",79.1,0.789473684210526,0.695501730103806,0.989473684210526,"5"
"757",79.4,0.842105263157895,0.664359861591696,1,"5"
"758",79.3,0.842105263157895,0.681660899653979,1,"5"
"759",79.5,0.842105263157895,0.690311418685121,1,"5"
"760",79.5,0.842105263157895,0.697231833910035,1,"5"
"761",79.2,0.842105263157895,0.709342560553633,1,"5"
"762",79.1,0.789473684210526,0.717993079584775,0.989473684210526,"5"
"763",79.3,0.842105263157895,0.711072664359862,1,"5"
